[{"SALES_ID":3,"Nationality":"Germany","Education":"Undergraduate Degree","AGE":31,"GENDER":"Female"},{"SALES_ID":4,"Nationality":"Belgium","Education":"Undergraduate Degree","AGE":43,"GENDER":"Male"},{"SALES_ID":5,"Nationality":"France","Education":"Master Degree","AGE":22,"GENDER":"Female"},{"SALES_ID":6,"Nationality":"France","Education":"Master Degree","AGE":43,"GENDER":"Female"},{"SALES_ID":7,"Nationality":"Brazil","Education":"Undergraduate Degree","AGE":45,"GENDER":"Female"},{"SALES_ID":8,"Nationality":"Nigeria","Education":"Master Degree","AGE":25,"GENDER":"Male"},{"SALES_ID":9,"Nationality":"South Africa","Education":"Undergraduate Degree","AGE":36,"GENDER":"Female"},{"SALES_ID":11,"Nationality":"Lithuania","Education":"Master Degree","AGE":48,"GENDER":"Female"},{"SALES_ID":12,"Nationality":"Poland","Education":"Master Degree","AGE":55,"GENDER":"Female"},{"SALES_ID":15,"Nationality":"India","Education":"Master Degree","AGE":26,"GENDER":"Male"},{"SALES_ID":16,"Nationality":"United Kingdom","Education":"Master Degree","AGE":34,"GENDER":"Male"},{"SALES_ID":17,"Nationality":"United Kingdom","Education":"Master Degree","AGE":43,"GENDER":"Male"},{"SALES_ID":18,"Nationality":"United Kingdom","Education":"Undergraduate Degree","AGE":41,"GENDER":"Female"},{"SALES_ID":19,"Nationality":"United Kingdom","Education":"Undergraduate Degree","AGE":52,"GENDER":"Female"},{"SALES_ID":20,"Nationality":"United Kingdom","Education":"Undergraduate Degree","AGE":33,"GENDER":"Female"},{"SALES_ID":21,"Nationality":"Greece","Education":"Undergraduate Degree","AGE":40,"GENDER":"Female"},{"SALES_ID":22,"Nationality":"Hungary","Education":"Undergraduate Degree","AGE":40,"GENDER":"Male"},{"SALES_ID":24,"Nationality":"China","Education":"Master Degree","AGE":51,"GENDER":"Male"}]